,0,1,2,3,4,5,6,7,8,9,10,11,12,13,14,15,16,17,18,19,20,21,22,23,24,25,26,27,28,29,30,31,32,33,34,35,36,37,38,39,40,41,42,43,44
0,0.006209538,0.0024148314,0.0072230734,0.0024148314,0.0024837914,0.0024148314,0.0024148314,0.06252157,0.0024148314,0.0028836306,0.06930563,0.0027106565,0.0024148314,0.0024148314,0.018568952,0.19358975,0.0024148314,0.0024148314,0.0026613886,0.014011938,0.0041819075,0.0024148314,0.048785064,0.0024148314,0.023206878,0.0024148314,0.0024148314,0.009932186,0.0024148314,0.0024148314,0.117833555,0.0036653364,0.0024148314,0.0024148314,0.27319962,0.002849675,0.003059177,0.07137827,0.0040690615,0.0024148314,0.0024148314,0.0024148314,0.021046355,0.0031361256,0.0024148314
1,0.00022166301,0.00022166301,0.0013845771,0.00040185696,0.00022166301,0.00022166301,0.00022166301,0.00066871644,0.012659529,0.00022166301,0.023293033,0.4467271,0.00022166301,0.06850125,0.00022166301,0.00022166301,0.00022166301,0.00022166301,0.00022166301,0.00022166301,0.24692151,0.00022166301,0.002629787,0.00022568589,0.07459122,0.00022166301,0.00022166301,0.00022166301,0.0006069983,0.00022166301,0.00022166301,0.00039561559,0.00022166301,0.00022166301,0.10715292,0.00022166301,0.001961039,0.014910442,0.0022993083,0.0009382206,0.00022166301,0.00022166301,0.00022166301,0.0007637878,0.006650487
2,0.0025599715,0.0025599715,0.0025599715,0.0025599715,0.13517949,0.013080787,0.015861733,0.0039644684,0.0025599715,0.0043606614,0.004530783,0.0025599715,0.01353428,0.0025599715,0.41691968,0.04474719,0.0048958426,0.0025599715,0.01768923,0.0025599715,0.0025599715,0.0061800755,0.0034267316,0.0025599715,0.003287896,0.01492438,0.0025599715,0.0025599715,0.0025599715,0.05648117,0.03491505,0.0025599715,0.0025599715,0.0050805886,0.0025599715,0.0025599715,0.051011574,0.004301605,0.0025599715,0.0025599715,0.0025599715,0.0025599715,0.07450195,0.0026279865,0.03140195
3,0.0018932557,0.0018932557,0.0018932557,0.0018932557,0.0064503676,0.0026820728,0.015301341,0.0018932557,0.0018932557,0.0036348118,0.09147473,0.0018932557,0.0018932557,0.0018932557,0.54273945,0.012945899,0.01738678,0.0018932557,0.0023164125,0.0018932557,0.0057954546,0.04508487,0.045378443,0.0061977473,0.006220767,0.004259694,0.0018932557,0.0018932557,0.0018932557,0.0018932557,0.014598671,0.0018932557,0.0018932557,0.01080648,0.0029286612,0.0018932557,0.027129114,0.023702074,0.0018932557,0.0018932557,0.002597295,0.0018932557,0.04997126,0.0018932557,0.037970454
4,9.405313e-05,0.0006938983,9.405313e-05,0.0049156663,0.0005718749,0.0001988782,9.405313e-05,0.00043781358,0.00016342013,0.06818241,9.405313e-05,9.405313e-05,0.0009878295,0.000284836,0.0031455145,9.405313e-05,9.405313e-05,9.405313e-05,9.405313e-05,0.0024911063,0.00048362606,9.405313e-05,9.405313e-05,0.013785887,9.405313e-05,0.024243744,9.405313e-05,9.405313e-05,0.0022062077,9.405313e-05,0.0022561217,0.00020871795,0.00060562725,0.686107,9.405313e-05,0.15754047,0.00013906503,9.405313e-05,0.00051310076,9.405313e-05,9.405313e-05,0.046765745,9.405313e-05,0.00032076766,9.405313e-05
5,0.00026218413,0.029108273,0.0019243935,0.00026218413,0.00026218413,0.00026218413,0.00043539348,0.00026218413,0.00026218413,0.00026218413,0.004470685,0.00026218413,0.000700398,0.0006144677,0.00026218413,0.00026218413,0.00026218413,0.00026218413,0.00026218413,0.00026218413,0.33989844,0.00026218413,0.00026218413,0.015348442,0.00026218413,0.0006685838,0.06019439,0.00026218413,0.0012764693,0.00026218413,0.00026218413,0.0003628338,0.0011379125,0.00026218413,0.0060143005,0.0017193865,0.00026218413,0.00026218413,0.00089820253,0.0004822633,0.53022593,0.012414372,0.00026218413,0.0025531615,0.0024837933
6,0.046147432,0.0028216024,0.0028216024,0.0714384,0.019075345,0.04773661,0.0028216024,0.0091480445,0.008166172,0.0028216024,0.0028216024,0.028629083,0.0028216024,0.009839782,0.0028216024,0.078161106,0.0077156825,0.06413834,0.25052738,0.008514748,0.0028216024,0.013115868,0.0028216024,0.0028216024,0.03273145,0.0028216024,0.0028216024,0.026280439,0.0028216024,0.17131497,0.004428342,0.0028216024,0.0028216024,0.0028216024,0.0028216024,0.0028216024,0.0028216024,0.021001907,0.0029103577,0.00754464,0.0028216024,0.0028216024,0.025761586,0.0028216024,0.0028216024
7,0.0052292347,0.006431179,0.0021199244,0.0021199244,0.0021199244,0.0064136246,0.015857099,0.0021199244,0.0021199244,0.005211638,0.0021199244,0.011522279,0.0021199244,0.0021199244,0.07600987,0.007246923,0.0021199244,0.0021199244,0.0021199244,0.0021199244,0.0021199244,0.0021199244,0.0021199244,0.0021199244,0.0021199244,0.0021199244,0.70896965,0.06079531,0.0021199244,0.0021199244,0.0021199244,0.0021199244,0.0021199244,0.0021199244,0.002238303,0.0021199244,0.0021199244,0.002319952,0.00413325,0.0025768396,0.010021662,0.0021199244,0.0045544887,0.0040369797,0.028418379
8,0.002858302,0.0023677049,0.015872205,0.002649234,0.0023677049,0.0023677049,0.011091428,0.00448863,0.28915015,0.0023677049,0.0023677049,0.17823762,0.0023677049,0.042052023,0.0027477434,0.0023677049,0.0023677049,0.0023677049,0.012009705,0.009775449,0.11543997,0.0023677049,0.016464401,0.008244819,0.034042142,0.0023677049,0.008248431,0.0023677049,0.020024853,0.0023677049,0.009623544,0.0023677049,0.056064647,0.0023677049,0.025531517,0.005217353,0.025745947,0.0023677049,0.016427396,0.0023677049,0.014457987,0.0056860554,0.0034919835,0.03966944,0.0036606214
9,0.055538755,0.0023265434,0.0023265434,0.0023265434,0.18771285,0.01666577,0.005096781,0.0023265434,0.009780408,0.007394886,0.0023265434,0.15362702,0.0023265434,0.0023265434,0.0023265434,0.0023265434,0.004512207,0.1927751,0.11827086,0.014928938,0.0023265434,0.016930398,0.0023265434,0.014479438,0.0023265434,0.0023265434,0.0023265434,0.005338711,0.004703453,0.02482349,0.0510777,0.0023265434,0.0023265434,0.07037293,0.0023265434,0.0023265434,0.0023265434,0.0023265434,0.002582172,0.0023265434,0.0023265434,0.0023265434,0.0044489396,0.0023265434,0.0023265434
10,0.0009090323,0.0009090323,0.0009090323,0.0009090323,0.30131567,0.0085050855,0.0009090323,0.015775135,0.0009090323,0.0009090323,0.12271154,0.0009090323,0.0049737473,0.0009090323,0.0813983,0.002457615,0.111121975,0.0009090323,0.0009090323,0.006110839,0.0009090323,0.04370182,0.001032485,0.0009090323,0.0009090323,0.21843185,0.0009090323,0.0009090323,0.0009090323,0.021944858,0.012342759,0.0010530619,0.0009090323,0.0024704956,0.0010982568,0.0009090323,0.0025201617,0.016604047,0.0009090323,0.0009090323,0.0015781947,0.0009090323,0.019717729,0.0014511147,0.0009090323
11,0.00013057621,0.00013057621,0.021566909,0.00013057621,0.0048247823,0.00013057621,0.049214516,0.00013057621,0.007739252,0.00013057621,0.00013057621,0.00013057621,0.00013057621,0.00013057621,0.3738814,0.00013057621,0.00013057621,0.00013057621,0.00013057621,0.00013057621,0.00014567794,0.00013057621,0.00013057621,0.00013057621,0.00013057621,0.0055980305,0.22183418,0.00013057621,0.0008612049,0.00013057621,0.00070301164,0.008537939,0.0002179792,0.00013057621,0.00013057621,0.00013057621,0.011971548,0.00013057621,0.00013057621,0.0001787443,0.004165089,0.00013057621,0.00019205389,0.0014346985,0.30263188
12,0.0001880085,0.00020296546,0.00013852002,0.0006269526,0.00013852002,0.0011389392,0.013952,0.00013852002,0.00013852002,0.0019439859,0.00017379821,0.032126497,0.0002706486,0.00013852002,0.003701627,0.0019250049,0.00013852002,0.00013852002,0.041948635,0.00013852002,0.010682206,0.00019507478,0.00022549792,0.005168307,0.005483413,0.00013852002,0.0052486043,0.00013852002,0.00027670903,0.00013852002,0.00013852002,0.00013852002,0.00013852002,0.00013852002,0.00013852002,0.00020790946,0.00013852002,0.0023183825,0.0010634549,0.14602529,0.00045758975,0.00013852002,0.00029796627,0.00013852002,0.74074316
13,0.0011520067,0.0011520067,0.0037583155,0.0011520067,0.02079397,0.0011520067,0.0011520067,0.0018012373,0.0011520067,0.005256292,0.008109589,0.0011520067,0.001188734,0.0011520067,0.17880948,0.013482546,0.0011520067,0.0011520067,0.0011520067,0.0011520067,0.0011520067,0.0011520067,0.0011520067,0.0011520067,0.0011520067,0.021876622,0.029348347,0.021531684,0.0011520067,0.0011520067,0.0011520067,0.015050674,0.0011520067,0.0011520067,0.0011520067,0.0011520067,0.0011520067,0.028494103,0.0011520067,0.0027891977,0.0011520067,0.0011520067,0.0011520067,0.0011520067,0.63237345
14,0.0041712956,0.021177452,0.014072016,0.0067428816,0.003844042,0.009998896,0.003844042,0.003844042,0.006460401,0.004713814,0.003844042,0.003844042,0.010108355,0.012963094,0.003844042,0.003844042,0.003844042,0.07301588,0.003844042,0.003844042,0.003844042,0.003844042,0.003844042,0.003844042,0.003844042,0.0040164166,0.2910185,0.27345046,0.037827868,0.005650105,0.003844042,0.009601304,0.010885134,0.003844042,0.003844042,0.008877297,0.003844042,0.003844042,0.01818999,0.098884255,0.003844042,0.003844042,0.003844042,0.005142131,0.003844042
15,0.0033799058,0.015222265,0.0034212293,0.03913119,0.0033799058,0.0033799058,0.0033799058,0.012577859,0.00597425,0.0057031205,0.022478113,0.0033799058,0.0051217414,0.0282571,0.0033799058,0.0033799058,0.008102125,0.0034523746,0.0033799058,0.20446734,0.09167581,0.006236868,0.021340016,0.115937576,0.0033799058,0.010834494,0.0033799058,0.0033799058,0.00568597,0.0033799058,0.0083827805,0.0033799058,0.012230571,0.05634251,0.01604519,0.044771392,0.0068574985,0.005559766,0.0051261457,0.0033799058,0.026097924,0.166597,0.0033799058,0.0115158195,0.0033799058
16,0.00016938844,0.00011834031,1.9464229e-05,1.9464229e-05,0.0163144,1.9464229e-05,0.00043323284,1.9464229e-05,1.9464229e-05,0.054968346,1.9464229e-05,8.1965445e-05,1.9464229e-05,1.9464229e-05,0.004609847,1.9464229e-05,4.4042095e-05,1.9464229e-05,6.573139e-05,1.9464229e-05,1.9464229e-05,1.9464229e-05,4.702164e-05,0.0022263685,1.9464229e-05,0.008889209,1.9464229e-05,1.9464229e-05,0.0003396805,1.9464229e-05,0.0033141205,0.00082719035,1.9464229e-05,0.92429537,1.9464229e-05,0.0007500506,0.00016874127,1.9464229e-05,0.00035733907,1.9464229e-05,1.9464229e-05,2.1387328e-05,1.9464229e-05,1.9464229e-05,0.0007156951
17,0.00014159914,0.00014159914,0.00034628232,0.00014159914,0.00014159914,0.00014159914,0.00014159914,0.00014159914,0.008258292,0.00014159914,0.00046237474,0.00015508111,0.00014159914,0.15103327,0.00014159914,0.00014159914,0.00028389384,0.0007270766,0.00014159914,0.00014159914,0.0015517952,0.00019795985,0.00014159914,0.00019307392,0.00037561214,0.00014159914,0.0035311854,0.00014159914,0.00047640194,0.00014159914,0.00014159914,0.00016381941,0.00014159914,0.00014159914,0.00014159914,0.00014159914,0.0005608795,0.0006010588,0.00014159914,0.81430435,0.0004366974,0.00014159914,0.00014159914,0.00047267514,0.031552784
18,0.00020140497,0.00020140497,0.00020140497,0.012197337,0.11305232,0.0005793737,0.00020140497,0.00020140497,0.01699652,0.0021584213,0.00020140497,0.00020140497,0.000778892,0.31296495,0.00040060576,0.00020140497,0.0058200425,0.0005217599,0.00064231263,0.00020140497,0.00020140497,0.0017414902,0.00020140497,0.0010948235,0.00036929897,0.024626998,0.00020140497,0.00020140497,0.0023022073,0.0004430246,0.00020140497,0.00030464435,0.0003871741,0.124376774,0.00020140497,0.00020140497,0.21500577,0.00036042708,0.00020140497,0.17285806,0.00020140497,0.00020140497,0.00020140497,0.00020140497,0.0050117476
19,0.00022699167,0.00078141666,0.0016457814,0.00022699167,0.01435066,0.00022699167,0.00072560285,0.0015422124,0.00022699167,0.00022699167,0.6448339,0.00022699167,0.00076618796,0.00022699167,0.23539226,0.016320521,0.0034476684,0.00022699167,0.00022699167,0.00022699167,0.0002736655,0.00063705794,0.0017369725,0.00022699167,0.00022699167,0.04234816,0.0013377621,0.0007867095,0.00022699167,0.00022699167,0.0042527695,0.0018343865,0.00022699167,0.00022699167,0.022585727,0.00022699167,0.00022699167,0.004356647,0.00022699167,0.00022699167,0.002637714,0.00022699167,0.0019902424,0.00022699167,0.009646554
20,0.007873577,0.00010205708,0.00010205708,0.00010205708,0.0011135427,0.00010205708,0.00054260757,0.00010205708,0.00010205708,0.017881136,0.00010205708,0.92543584,0.00010205708,0.00010205708,0.0046148635,0.0008169719,0.00010205708,0.00010205708,0.0006418686,0.00010205708,0.00010205708,0.000120223616,0.00010205708,0.00012274233,0.00010205708,0.00010205708,0.00018421993,0.0013518619,0.0011429224,0.00010205708,0.00010205708,0.0009636835,0.00010205708,0.00010205708,0.00010205708,0.00010205708,0.00010205708,0.00011065752,0.008631178,0.00082904747,0.00010205708,0.00010205708,0.00010205708,0.00010205708,0.04409217
21,0.011079978,0.0068942397,0.0068942397,0.0068942397,0.28609493,0.008789075,0.0068942397,0.010357781,0.012279981,0.030053085,0.0068942397,0.0068942397,0.0068942397,0.0068942397,0.03287736,0.0068942397,0.01060054,0.06475055,0.0068942397,0.046435207,0.0068942397,0.06074538,0.0068942397,0.011318346,0.0068942397,0.041404407,0.0068942397,0.008047961,0.0068942397,0.009166299,0.10586779,0.01719271,0.0068942397,0.0623066,0.0068942397,0.0068942397,0.0068942397,0.0068942397,0.0068942397,0.0068942397,0.0068942397,0.0068942397,0.008883588,0.008617013,0.0068942397
22,0.004994461,0.0002030837,0.0002030837,0.0002030837,0.32505715,0.009014588,0.00059813017,0.0002030837,0.0002030837,0.082681574,0.0002030837,0.024498057,0.0002030837,0.0002030837,0.17945763,0.00043897924,0.0024906434,0.00025895544,0.0002030837,0.0002030837,0.0002030837,0.3699426,0.0002030837,0.0064698867,0.0002030837,0.0002030837,0.0002030837,0.00042771455,0.0002030837,0.0002030837,0.0002030837,0.0002030837,0.0002030837,0.005913735,0.0002030837,0.0002030837,0.0002030837,0.0002553686,0.0002030837,0.0002030837,0.0002030837,0.0002030837,0.000805614,0.0002030837,0.00023316436
23,0.0015713248,0.0106622195,0.013351099,0.08109396,0.0031090805,0.0034653547,0.00073614734,0.05138603,0.00073614734,0.028988503,0.0059156115,0.00073614734,0.09086783,0.0154684195,0.00073614734,0.07781078,0.00073614734,0.00073614734,0.0020722626,0.00073614734,0.003616074,0.00073614734,0.00073614734,0.00073614734,0.004818692,0.016349558,0.0066322945,0.28194988,0.0041908207,0.0027746721,0.0028746724,0.005137238,0.04989107,0.0053721215,0.00073614734,0.19338688,0.0013449645,0.0067420565,0.017912269,0.0013174143,0.00073614734,0.017139746,0.00073614734,0.00073614734,0.0017056285
24,0.0021001203,0.0021001203,0.011745894,0.0021001203,0.0021001203,0.0021001203,0.025895655,0.0021001203,0.19907935,0.0021001203,0.0021001203,0.003344288,0.0045059635,0.057790704,0.0021001203,0.0021001203,0.0021001203,0.0021001203,0.032548636,0.0021001203,0.011292876,0.0021001203,0.0021001203,0.0026931963,0.008562839,0.0021001203,0.24061462,0.0021001203,0.022765232,0.0051684123,0.0021001203,0.0021001203,0.15469378,0.0021001203,0.0021001203,0.0021001203,0.030001864,0.0021001203,0.0021001203,0.06804891,0.035841353,0.00428036,0.0033931276,0.020311292,0.026243312
25,2.2423892e-05,2.2423892e-05,2.2423892e-05,0.023844026,2.2423892e-05,2.2423892e-05,2.2423892e-05,3.6877223e-05,0.08874335,2.2423892e-05,2.2423892e-05,0.040899914,2.2423892e-05,0.85240793,2.2423892e-05,2.2423892e-05,2.2423892e-05,0.0006617267,2.2805121e-05,0.00019387774,0.0017714628,0.000112310925,2.2423892e-05,0.0014823828,0.0024808603,2.2423892e-05,2.2423892e-05,2.2423892e-05,0.0010949315,2.2423892e-05,2.2423892e-05,2.2423892e-05,4.136356e-05,5.6370274e-05,2.2423892e-05,2.2423892e-05,0.00057935267,0.00059991283,0.00024480434,0.0032818557,2.2423892e-05,2.2423892e-05,2.2423892e-05,0.00010772711,2.2423892e-05
26,0.0004153084,2.6559264e-05,2.6559264e-05,0.0019470842,0.013294865,0.0009390004,3.4424138e-05,0.0008558425,2.6559264e-05,0.0014275085,9.90447e-05,2.6559264e-05,0.0003186484,2.6559264e-05,0.0008398847,0.016742654,0.00035279238,2.6559264e-05,0.017861761,0.00659735,2.6559264e-05,0.00011198622,0.0065148314,2.6559264e-05,0.0007308776,0.00016647497,2.6559264e-05,7.797563e-05,2.6559264e-05,0.0046136165,0.9142256,2.6559264e-05,0.00014712311,0.023487462,2.6559264e-05,0.0014437448,0.0029746343,6.885829e-05,2.6559264e-05,2.6559264e-05,2.6559264e-05,0.00036852914,0.0021151702,2.6559264e-05,2.6559264e-05
27,0.0006777664,0.00039835201,0.00068757054,0.00042044697,0.00027632565,0.00027632565,0.00093690347,0.0026928552,0.0011700455,0.0003698242,0.00027632565,0.003122355,0.00027632565,0.00027632565,0.0022039735,0.00027632565,0.00027632565,0.00027632565,0.0008914,0.363445,0.00058006105,0.000511662,0.04069194,0.0015576127,0.00055069657,0.00027632565,0.00027632565,0.00027632565,0.00027632565,0.00061369344,0.5422325,0.00027632565,0.0026639379,0.0032328535,0.019977823,0.006707325,0.0011774383,0.00027632565,0.00059970684,0.00027632565,0.0020061263,0.008745769,0.0036364174,0.002301229,0.00027632565
28,0.0002486201,0.0003298835,0.00018729204,0.13438918,0.00018729204,0.00019130186,0.00018729204,0.00051322544,0.00022463697,0.0010191791,0.0018450946,0.4059828,0.00018729204,0.001801347,0.0001965158,0.00089111755,0.00018729204,0.00018729204,0.0030835185,0.0006008929,0.20872618,0.0004358902,0.012866994,0.005405881,0.092341565,0.00018729204,0.00018729204,0.00018729204,0.000314086,0.00018729204,0.00018729204,0.00018729204,0.00020577166,0.00018729204,0.002678555,0.0127919745,0.00018729204,0.11336347,0.009744644,0.0003838723,0.0002503465,0.002722662,0.000865481,0.0018488754,0.00033881524
29,0.00020507726,0.00016484378,0.0055147503,0.037461765,0.00016484378,0.00016484378,0.00016484378,0.00580988,0.019381426,0.0003560412,0.0010011218,0.00016484378,0.0014918644,0.8019026,0.00016484378,0.0004461326,0.00016484378,0.00021324723,0.0015606085,0.0011580912,0.0102626495,0.00016484378,0.0005648994,0.00016484378,0.021484988,0.00065520074,0.00016484378,0.00018404057,0.0046782014,0.00016484378,0.00085708394,0.00094973703,0.04868094,0.0015296801,0.00016484378,0.0031311687,0.040814467,0.0004289914,0.0025111248,0.001137222,0.00016484378,0.0019547953,0.00016484378,0.00016484378,0.00042417282
30,4.4883305e-05,4.4883305e-05,0.00041756977,4.4883305e-05,4.4883305e-05,4.4883305e-05,0.00030065698,0.00035391268,4.4883305e-05,4.4883305e-05,0.120126106,0.00030166376,4.4883305e-05,4.4883305e-05,0.00084998313,0.0046539563,7.414077e-05,4.4883305e-05,4.4883305e-05,0.00047611533,0.0007853921,0.0001321527,0.039878733,4.4883305e-05,0.0018883732,4.4883305e-05,5.969691e-05,4.4883305e-05,4.4883305e-05,4.4883305e-05,0.0040981476,6.696617e-05,4.4883305e-05,4.4883305e-05,0.83993125,4.4883305e-05,0.000310461,0.00071901106,4.4883305e-05,4.4883305e-05,0.0004478054,4.4883305e-05,0.0021366128,4.4883305e-05,0.00018354708
31,0.00052166515,5.2239124e-05,5.2239124e-05,0.0012895019,0.00034405413,5.2239124e-05,5.2239124e-05,5.2239124e-05,0.03060938,0.0021888088,5.2239124e-05,0.0061540706,5.2239124e-05,0.03762098,5.2239124e-05,9.094363e-05,5.2239124e-05,6.0325936e-05,0.0036342847,5.2239124e-05,0.00025913864,5.2239124e-05,5.2239124e-05,5.2239124e-05,0.0026797417,5.2239124e-05,5.2239124e-05,5.2239124e-05,0.022782652,5.2239124e-05,5.2239124e-05,0.00046684343,5.2239124e-05,0.0003090802,5.2239124e-05,5.2239124e-05,0.00391724,0.00030622122,0.0030039474,0.70694375,5.2239124e-05,5.2239124e-05,5.2239124e-05,5.2239124e-05,0.19473593
32,0.00016427215,0.0011247514,0.00016427215,0.0013673161,0.00016427215,0.00016427215,0.0025212022,0.00016427215,0.00016427215,0.0049406183,0.010660151,0.0005694125,0.00027594305,0.00016427215,0.013028353,0.00016427215,0.0019203319,0.00016427215,0.00016427215,0.00919812,0.046823364,0.0011102725,0.086373165,0.18868344,0.0006029726,0.0021757574,0.00016427215,0.00016427215,0.00016427215,0.00016427215,0.016032517,0.00016427215,0.00027734094,0.5686349,0.0006809031,0.009933344,0.007549478,0.00016427215,0.0002937928,0.00016427215,0.0024500708,0.038448196,0.00016427215,0.00016427215,0.00042770396
33,0.013987482,0.015681373,0.039693974,0.00894192,0.06528369,0.00894192,0.022709848,0.00894192,0.009277311,0.03262623,0.00894192,0.015627122,0.00894192,0.00894192,0.14079662,0.00894192,0.00894192,0.013149162,0.00894192,0.00894192,0.00894192,0.00894192,0.00894192,0.011529396,0.00894192,0.05236933,0.056917604,0.039978284,0.024541777,0.00894192,0.01871392,0.1405083,0.00894192,0.00894192,0.013325049,0.00894192,0.00894192,0.00894192,0.01783935,0.00894192,0.00894192,0.00894192,0.00894192,0.00894192,0.051120855
34,0.0035884785,0.010040808,0.0009908654,0.0005191261,0.0005191261,0.0005191261,0.013514218,0.0005191261,0.0005191261,0.00522118,0.009460616,0.39191398,0.0005191261,0.0005191261,0.015251055,0.016417012,0.0005191261,0.0005191261,0.0038840375,0.000653255,0.06948477,0.0005191261,0.11385693,0.0010907709,0.008127831,0.0005191261,0.0041622655,0.0005767006,0.0005191261,0.0005191261,0.027758282,0.0013202748,0.0005191261,0.0009294769,0.25714776,0.007696032,0.0005191261,0.00065786985,0.03589019,0.0005191261,0.001619005,0.0005191261,0.0005191261,0.0005191261,0.008107599
35,0.0010461002,0.014708974,0.0010461002,0.0010461002,0.0010461002,0.0010461002,0.022966024,0.0010461002,0.0010461002,0.0037809939,0.0010461002,0.006589031,0.0014280069,0.0010461002,0.01649771,0.0010461002,0.0010461002,0.0010461002,0.0010461002,0.0072012073,0.016556188,0.0010461002,0.0051204213,0.31413278,0.0010461002,0.001291962,0.0045083715,0.0010461002,0.0037338715,0.0010461002,0.00427906,0.0010461002,0.008383246,0.021609403,0.0019227279,0.032716066,0.0010461002,0.0010461002,0.0028113185,0.0010461002,0.36180538,0.13664827,0.0010461002,0.006473233,0.0010461002
36,0.0015802411,0.010706354,0.0015802411,0.41437417,0.0015802411,0.052684803,0.0015802411,0.0053915773,0.0015802411,0.0020181835,0.03316772,0.0017713201,0.009719034,0.0032944288,0.0015802411,0.0023705822,0.0758441,0.0015802411,0.0015802411,0.06917641,0.0048181233,0.014335439,0.014056027,0.013180357,0.006731125,0.0015802411,0.0015802411,0.0015802411,0.0015802411,0.009094468,0.0015802411,0.0015802411,0.0017445411,0.0063065975,0.0037335432,0.02256383,0.0015802411,0.056020845,0.0015802411,0.0015802411,0.006843753,0.14600842,0.0032443295,0.0015802411,0.0015802411
37,0.00092081935,0.028662467,0.0009568397,0.0047755037,0.008518502,0.0016387171,0.00092081935,0.002094237,0.00092081935,0.02911639,0.03819514,0.00092081935,0.008579257,0.0018336446,0.0010347473,0.00092081935,0.031562854,0.00092081935,0.00092081935,0.00092081935,0.007033709,0.00092081935,0.00092081935,0.0063250912,0.00092081935,0.6990893,0.00092081935,0.0015930472,0.0014133233,0.00092081935,0.00092081935,0.0075853188,0.00092081935,0.08086371,0.00092081935,0.012735194,0.00092081935,0.008191566,0.00092081935,0.0022012845,0.00092081935,0.01222919,0.00092081935,0.00092081935,0.0036583277
38,1.8617361e-06,0.0003860573,0.0001747232,1.8617361e-06,1.8617361e-06,1.8617361e-06,2.1339038e-05,1.7777036e-05,1.8617361e-06,1.949657e-05,0.00024763268,5.0803656e-06,3.3683982e-06,1.8617361e-06,0.00088536006,1.8617361e-06,1.8617361e-06,1.8617361e-06,1.8617361e-06,1.8617361e-06,1.0,1.8617361e-06,1.0200485e-05,8.910377e-06,3.6974407e-06,1.89801e-06,0.0071651237,1.8617361e-06,4.3477077e-05,1.8617361e-06,1.8617361e-06,1.8427076e-05,5.4330976e-06,1.8617361e-06,0.0028310223,0.00028540238,1.8617361e-06,3.6158654e-05,0.0004501871,1.8617361e-06,0.0010630772,9.777954e-06,1.8617361e-06,0.00015235736,0.005342939
39,0.00019572205,0.0012334103,9.651935e-05,0.0068555647,9.651935e-05,0.00012346685,9.651935e-05,0.012073339,9.651935e-05,0.03019465,9.651935e-05,9.651935e-05,0.00095843564,9.651935e-05,0.008993145,0.00061391,9.651935e-05,9.651935e-05,9.651935e-05,0.0029025204,0.0065025766,9.651935e-05,0.00068763015,0.00012800659,0.00017538607,9.651935e-05,9.651935e-05,0.0007651605,0.00058151275,9.651935e-05,0.009308743,9.651935e-05,0.00089500356,0.0009507576,0.0005815715,0.9006801,9.651935e-05,0.0034291868,0.012899721,9.651935e-05,9.651935e-05,0.011917248,0.00013514323,0.0036086708,9.651935e-05
40,0.01480057,0.0064873006,0.0047992333,0.024861246,0.0047992333,0.057525426,0.008490892,0.009164788,0.0047992333,0.0059725004,0.0047992333,0.010717899,0.026841214,0.0047992333,0.0047992333,0.03471372,0.0047992333,0.0047992333,0.11468472,0.0047992333,0.0047992333,0.0047992333,0.0047992333,0.0047992333,0.013752487,0.0047992333,0.17900683,0.073980905,0.0076620528,0.11667992,0.0047992333,0.0047992333,0.041050244,0.0047992333,0.0047992333,0.043610428,0.0047992333,0.010492984,0.023011908,0.012816407,0.013082307,0.017891338,0.028579596,0.027362125,0.0047992333
41,0.004004916,0.0001947041,0.0001947041,0.010094673,0.0001947041,0.0001947041,0.0001947041,0.00031654947,0.027652495,0.0028419672,0.0001947041,0.90276116,0.0001947041,0.004551775,0.0001947041,0.00020161686,0.0001947041,0.0014005612,0.0014443474,0.0001947041,0.00065819034,0.0001947041,0.0001947041,0.00027128338,0.002743097,0.0001947041,0.0001947041,0.0003472512,0.008652856,0.0001947041,0.0001947041,0.0001947041,0.0001947041,0.0001947041,0.0001947041,0.0015954174,0.0001947041,0.0023360734,0.041000605,0.0010616324,0.0001947041,0.0001947041,0.0001947041,0.00042046918,0.0001947041
42,0.0004442902,0.0042064213,0.018097194,0.004404535,0.066646874,0.0011136254,0.0004404232,0.014639524,0.0004404232,0.0024209756,0.14009161,0.0004404232,0.026990363,0.0010379358,0.0004404232,0.03622165,0.021875465,0.0004404232,0.0016463435,0.023700451,0.0008456255,0.0004404232,0.023992319,0.0004404232,0.0030413643,0.20316344,0.0004404232,0.005536996,0.0004404232,0.0024864615,0.22391808,0.00690215,0.018638063,0.08504595,0.0013117072,0.010187276,0.03825407,0.0004404232,0.0004404232,0.0004404232,0.0004404232,0.025316875,0.0004404232,0.0004404232,0.0004404232
43,5.4731854e-06,0.00046736817,0.011169143,5.4731854e-06,5.4731854e-06,5.4731854e-06,4.3006396e-05,0.0005535402,0.00018728113,5.994928e-06,0.0006014593,5.4731854e-06,2.3029876e-05,0.00014613135,0.0013163736,5.4731854e-06,5.4731854e-06,5.4731854e-06,5.4731854e-06,0.004553682,0.853868,5.4731854e-06,0.00045233173,0.00096624554,5.4731854e-06,0.0006287836,7.5656004e-05,5.4731854e-06,8.658904e-05,5.4731854e-06,0.0018938811,0.00012058958,0.0018453384,8.1126724e-05,0.014020919,0.0020831213,0.00025314017,5.4731854e-06,3.2377597e-05,5.4731854e-06,0.10607195,0.013775212,5.4731854e-06,0.003801619,1.2999056e-05
44,0.000507273,0.000507273,0.004501854,0.0011985815,0.000507273,0.000507273,0.0009243892,0.007717082,0.2846528,0.000507273,0.000507273,0.000507273,0.00226114,0.054215916,0.0066148527,0.000507273,0.000507273,0.0013637999,0.000507273,0.11933993,0.0021994698,0.000507273,0.00080068375,0.0106991595,0.000507273,0.0026610694,0.000507273,0.000507273,0.0035067827,0.003773285,0.042996515,0.000507273,0.12739946,0.007593986,0.000507273,0.0074390913,0.027901256,0.000507273,0.000507273,0.000507273,0.019488148,0.13439041,0.0023445531,0.13309486,0.000507273
